boring_play,exciting_commentary
LeBron James makes a 3-point jumper.,LeBron pulls up from deep... and drains it! Nothing but net!
Stephen Curry hits a 3-point shot.,Curry launches from the logo—splash!
Giannis Antetokounmpo dunks the ball.,Giannis with a thunderous slam! He rocked the rim!
Kevin Durant makes a jump shot.,Durant rises and fires—cash!
Luka Doncic hits a floater.,Luka floats it high—and it drops in smoothly!
Joel Embiid scores a layup.,Embiid muscles his way in and finishes strong!
James Harden makes a free throw.,Harden calmly sinks it from the line.
Kyrie Irving scores a reverse layup.,Kyrie with the dazzling reverse! Pure magic!
Jayson Tatum makes a 3-point shot.,Tatum from deep... got it! That’s a big-time bucket!
Jimmy Butler hits a mid-range jumper.,"Butler stops, pops, and drops it in!"
Nikola Jokic scores in the post.,Jokic with the crafty footwork and the soft touch!
Zion Williamson dunks the ball.,Zion explodes to the rim! What a monster jam!
Devin Booker makes a 3-pointer.,Booker drills it from long range! He’s heating up!
Donovan Mitchell hits a jump shot.,Mitchell pulls up and buries it!
Chris Paul scores a layup.,CP3 with the veteran move and the easy two.
Trae Young makes a floater.,Ice Trae with the teardrop—sweet and smooth!
Ja Morant scores on a fast break.,Ja takes flight on the break—elevates and finishes!
Anthony Davis hits a hook shot.,AD with the classic sky hook—it’s good!
Bradley Beal makes a baseline jumper.,Beal fades from the corner—money!
LaMelo Ball makes a deep three.,LaMelo launches from downtown—bang!
Andrew Wiggins hits a jump shot.,Wiggins elevates and knocks it down!
De'Aaron Fox makes a layup.,Fox blazes through traffic and scores with ease!
Klay Thompson hits a 3-point shot.,Klay lets it fly—splash city!
RJ Barrett scores in the paint.,Barrett attacks the rim and lays it in!
Julius Randle hits a mid-range shot.,Randle with the step-back... and it's good!
Tyrese Haliburton scores a floater.,Haliburton with the silky floater—bucket!
Jalen Brunson makes a jump shot.,Brunson with the quick pull-up—got it!
Fred VanVleet hits a three.,VanVleet knocks it down from deep!
Scottie Barnes scores in transition.,Barnes with the coast-to-coast finish!
OG Anunoby makes a corner three.,OG from the corner—automatic!
Pascal Siakam hits a spin move layup.,"Siakam spins, glides, and scores!"
Bam Adebayo makes a putback.,Bam grabs it and throws it down!
Tyler Herro hits a step-back three.,Herro with the step-back—bucket!
Desmond Bane scores a fast-break layup.,Bane sprints ahead and lays it in!
Jaren Jackson Jr. blocks a shot.,Triple J sends it back! What a rejection!
Darius Garland hits a jump shot.,Garland shakes and bakes—nothing but net!
Evan Mobley dunks the ball.,Mobley soars in for the powerful jam!
Mikal Bridges makes a pull-up jumper.,Bridges rises and knocks it down with ease!
Cade Cunningham hits a floater.,Cunningham floats it over the defender—nice touch!
Damian Lillard makes a 3-point shot.,Dame from way downtown—logo Lillard strikes again!
Draymond Green makes a layup.,Draymond slips through the defense and lays it in!
Alperen Sengun scores in the post.,Sengun with the footwork and the finish—smooth!
Victor Wembanyama blocks a shot.,Wemby with the massive rejection—get that outta here!
Chet Holmgren dunks the ball.,Chet cuts to the rim and throws it down with authority!
Brandon Ingram hits a mid-range jumper.,Ingram elevates and sinks the silky J!
CJ McCollum makes a floater.,CJ with the high-arcing floater—touch!
Jordan Poole hits a 3-pointer.,Poole pulls up from deep—bottoms!
Josh Giddey makes a layup.,Giddey weaves in and gets the easy two!
Austin Reaves scores a corner three.,Reaves from the corner—he nails it!
Franz Wagner hits a jump shot.,Wagner steps into it—pure jumper!
Markelle Fultz makes a fast-break layup.,Fultz with the burst and the finish!
Brook Lopez blocks a shot.,Lopez with the denial at the rim!
Malik Monk hits a step-back jumper.,Monk creates space and hits the tough shot!
Bennedict Mathurin scores a layup.,Mathurin goes hard to the hoop—lays it in!
Kevin Huerter makes a 3-pointer.,Huerter from downtown—bang!
Naz Reid scores a putback.,Reid cleans up the miss and puts it back!
Kyle Kuzma hits a fadeaway jumper.,Kuzma with the fade—bucket!
Tobias Harris makes a baseline shot.,Harris drives and hits it from the baseline!
Michael Porter Jr. hits a transition three.,MPJ in rhythm on the break—money!
